Indeks,Student,Ispiti
20050078,Veljko Radivojevic,13S113TS 13S111ASP1 13S113USP 13S112ASP2 13S041OE
19970705,Maja Djajic,13S112ASP2 13S114PRS 13S081M1
20010343,Darinka Joksic,13S111P1
20100710,Aleksa Vucinic,13S112BP1 13S114PP1 13S113PSI 13S111P1
20000271,Mirko Grujic,13S113AOR1 13S032PMT 13S113TS 13S112OO1 13S081M1 13S113USP
20190423,David Janevski,
20000200,Igor Gajic,13S113KDP 13S091S 13S081PM1 13S114PP1 13S113USP
19970258,Luka Ljubisavljevic,13S113KDP 13S111PP2
20070724,Aleksandar Vlajic,13S074IOA 13S112ORT2
20210527,Tamara Smolcic,
20210270,Pavle Bojovic,13S113KDP 13S112BP1 13S113AOR1 13S113KDP
19990201,Darinka Marjanovic,13S111PKR 13S091UM 13S061OF 13S112OO1
20140202,Jovana Vujic,13S081M1 13S113RM2
20110113,Mihajlo Jankovic,13S112OO2 13S082VS 13S112POOP 13S113PSI 13S112AR 13S111ASP1
20160595,Marko Rankovic,13S111P1 13S112POOP 13S113USP 13S111P2 13S112ORT2 13S113KDP
20020461,Maja Runic,13S114PIA 13S114PMU 13S113AOR2 13S091EJV 13S114PMU
20120310,Ilija Ristic,13S112OO1
20130195,Janko Despotovic,
20110254,Dusica Lezaic,13S112PPK 13S111ASP1
19980576,Katarina Radojevic,13S114MUPS 13S091S 13S082VS 13S081M2 13S041OE 13S113PS
20050721,Dunja Gavrilovic,
20100036,Janko Tomic,13S112AR 13S113IS 13S082VS 13S113SS 13S042ODE
19980065,Veljko Prodanovic,13S113SS
20010635,Jovana Zezelj,13S113AOR1 13S114PRS 13S114MIPS 13S032PMT 13S113BP2 13S112OS1
20000441,Bogdan Rankovic,13S082NAD 13S112OO1 13S113AOR2
20100416,Stevan Zindovic,13S091UM 13S111PKR 13S111PKR 13S113TS
20000118,Viktor Pavlovic,13S113IS 13S082NAD 13S112POOP
19970640,David Tiosavljevic,13S082NAD 13S113OS2
20070218,Ilija Bubalo,13S112POOP
20060311,Aleksa Bakovic,13S112ORT2 13S111ASP1 13S042ODE
20200585,Danilo Brkovic,13S081M1 13S114PMU 13S111ASP1
20030247,Nina Linic,13S081M1 13S114MIPS 13S113USP 13S114PRS
20040571,Maja Tanjevic,13S112RM1
19980548,Aleksa Markovic,13S061OF 13S113IEP
20020379,Sasa Labudovic,13S112OO1 13S091EJN 13S112BP1
20150470,Radomir Stamenkovic,13S111P1 13S091EJV 13S082NAD 13S052SIS 13S052SIS
20030589,Jovana Stojnic,13S081M2 13S113AOR2 13S081PM1
20060363,Julija Puric,13S113RM2 13S081PM1
19950601,Milos Mako,13S111PPK
20020304,Petar Gosic,13S113AOR2 13S112ASP2 13S111ORT1 13S113USP 13S114PP1
20130509,Ilija Cotra,13S113RG 13S112RM1 13S074IOA 13S114PIA 13S114PMU
20040447,Nina Bakovic,13S112ORT2
20150078,Stefan Plasic,13S113IS1 13S114MUPS 13S113AOR2 13S081PM2
19980521,Andrija Lukic,13S061OF
19990539,Ana Marija Slavic,13S113SS 13S112RM1
20140332,Milos Mladic,13S113IEP 13S113SS
20180004,Kosta Djumic,
20100013,Tijana Maric,13S113IS1 13S114MIPS 13S112OO2
20000104,Masa Nicic,13S113OS2 13S113AOR2 13S114MIPS 13S042ODE 13S053NM 13S113KDP
20160643,Mihailo Plasic,13S114PP1 13S074IOA 13S114IS2 13S081M2
20120591,Mihailo Ristic,13S042ODE 13S113AOR2 13S113PSI 13S112BP1 13S113OS2
20010563,Veljko Bjekic,13S032PMT 13S111P2 13S114PMU 13S112OO1 13S114ZP
20000455,Damjan Bozanic,13S081M1 13S113KDP 13S113USP 13S114IS2 13S112POS
19950021,Nemanja Aleksijevic,13S114PP1
20190535,Branislav Brankovic,13S113SS
19980692,Natalija Puric,13S113RG 13S111PORT 13S113BP2 13S111P1
19960290,Ilija Ostojic,
20100381,Mihailo Spasojevic,
19990307,Zarko Zivkovic,13S112ASP2 13S113PS 13S053NM
20110567,Lana Ostojic,13S113KDP 13S114IS2 13S114VLSI 13S113RG 13S111ORT1
20120522,Anastasija Kosovac,13S113RG
20190092,Ljubisa Marjanovic,13S081M1 13S081M2 13S114VLSI 13S091EJN 13S112AR
20170529,Bozidar Gojkovic,13S111PP1 13S112POS 13S113IS1
20080387,Dragana Isic,13S113AOR1
20010292,Luka Jahic,13S112VD 13S112POS
20070675,Marko Vlajic,13S114PP1 13S111PP2 13S112BP1
20160108,Ivan Eric,13S114MIPS 13S091EJV
20010530,Damjan Kosovac,13S081M1 13S111PPK
20070083,Igor Stancic,13S113RG 13S111PP2 13S042ODE
20150394,Sasa Mitrovic,13S111PKR
20080166,Milisav Milosavljevic,13S061OF 13S113TS 13S113PSI 13S113USP
20070432,Jovana Milosevic,
20130716,Sava Salovic,13S113SAB 13S091UM 13S112RM1 13S112OS1
20030144,Sara Gavrilovic,13S113OS2 13S114PMU 13S112OO1 13S081PM1 13S081M1
20190330,Andjela Arsenovic,13S111RMFP 13S081PM2
20180627,Andrea Tiosavljevic,13S113USP 13S113USP
20100151,Milena Zdravkovic,13S112ORT2
20070455,Petar Petrovic,13S111PP2
20200218,Milisav Bojovic,13S112OS1
19980173,Lazar Zivkovic,13S113IS 13S042ODE
20090563,Andrea Vujnovic,13S091EJV
20190077,Biljana Grujic,13S111PP1 13S113RG 13S111P1
20110180,Milica Zdravkovic,13S112OO1 13S113KDP 13S113KDP 13S081M1 13S113AOR1
20040307,Veljko Vukotic,
20110703,Milan Tanasijevic,13S114ZP 13S113PS 13S112ASP2 13S091EJN 13S082VS 13S091UM
20080016,Mirko Bjekic,13S111ORT1 13S032PMT
20020615,Dusan Avakumovic,13S113OS2 13S114IS2 13S112RM1 13S113RM2 13S114ZP 13S111PORT
20080033,Dunja Petrovic,
20010142,Tijana Lukovic,13S111PKR 13S081M1 13S113RM2 13S041OE
20060484,Jona Mrdja,13S032PMT 13S061OF 13S112OS1 13S113USP 13S113SAB 13S041OE
19950528,Darko Bozanic,13S082VS 13S053NM 13S112BP1 13S111ASP1 13S114PMU
20060198,Dusan Slavic,13S082VS 13S113PS 13S111PKR 13S111PPK 13S061OF 13S112POS
20080432,Mirko Vasovic,13S042ODE
20040592,Dunja Bozovic,13S113AOR1 13S113SAB 13S111PORT 13S113IS1 13S113OS2 13S082NAD
19990620,Marija Vujnovic,
20210052,Nina Djuric,13S112OO2 13S041OE 13S111ORT1
19950582,Bozidar Pecenicic,13S112RM1 13S114PRS 13S114IS2 13S113BP2 13S053NM
20120313,Milos Grebovic,13S112ASP2 13S111PP1 13S113PSI 13S113PSI 13S032PMT
20110340,Biljana Janicijevic,13S111ASP1
20210240,Mateja Ostojic,13S112RM1 13S111P2 13S112VD 13S112VD 13S111PP1
19970178,Sofija Hrustic,13S041OE 13S114PIA
19970260,Janko Despotovic,13S113SS 13S113KDP 13S111P1 13S111RMFP
19990236,Tamara Eric,13S112BP1 13S113PS 13S114IS2 13S053NM
20170581,Elena Milinkovic,13S113IS1 13S041OE
20140328,Elena Bozic,13S081PM2 13S112ORT2 13S114MUPS 13S113OS2 13S113RG 13S113SS
20080286,Anastasija Zezelj,13S091EJV 13S111P1 13S113AOR2
20060699,Filip Grbic,
20030651,Dragana Janicijevic,13S081M2 13S111P1
20010537,Tamara Djalovic,13S091UM 13S113BP2
19970222,Tamara Spasojevic,
20090254,Teodora Bozovic,13S081PM1 13S113SAB 13S074IOA
20180582,Stefan Stojkovic,13S113BP2
20000569,Damjan Jankovic,13S111P2 13S112POOP 13S114MIPS 13S111ORT1 13S112BP1 13S111PORT
20170203,Ilija Brankovic,13S113IEP 13S053NM 13S091S
20060201,Anastasija Salovic,13S113IS 13S111ASP1
19960355,Janko Despotovic,13S114PP1 13S111ORT1 13S113KDP
20190267,Branislav Stojnic,13S112OO1 13S113RG 13S082NAD
19960049,Darko Bakoc,13S041OE
20170658,Dusica Gavrilovic,
20000279,Jelena Stojnic,13S113KDP 13S114PP1
20020232,Tamara Grgovski,13S113AOR2 13S113TS 13S112PPK 13S042ODE 13S112ORT2 13S113BP2
20200039,Ana Marija Petrovic,13S042ODE 13S081PM2
19950277,Dusan Bubalo,
20150554,Nikola Ilic,13S091EJV 13S112POS 13S113IS1 13S113TS
20210205,Anica Curguz,13S114ZP 13S113TS
20110103,Goran Stojanovic,13S111P2 13S032PMT 13S081M1 13S091UM 13S032PMT
19960294,Elena Mako,13S112OS1 13S111ASP1 13S081PM2 13S114MUPS
19980343,Mihailo Vujic,13S111PORT 13S113IS
20080584,Andrija Trifunovic,
20130585,Denis Radenkovic,13S112RM1 13S111P2 13S112POOP
20200064,Damjan Djordjic,13S053NM 13S112POOP
20020295,Zora Puric,13S114IS2 13S113SS 13S111PORT 13S114MIPS 13S114MUPS 13S113SS
20150581,Boris Milosevic,13S113IS
19960395,Nemanja Brankovic,13S112OO2 13S042ODE 13S111ASP1 13S114PMU
20140569,Draga Brankovic,13S114PRS
20140074,Zeljko Vlajic,13S111P2 13S114VLSI
20210300,Zora Savic,
20070546,Jona Smolcic,13S091EJV 13S111PKR 13S041OE 13S112OO2 13S111ORT1
19970409,Maja Milanovic,
20020060,Milica Popadic,13S111P1 13S111ASP1 13S111PPK 13S081M2 13S112RM1
20170380,Radomir Jovicevic,13S114MIPS 13S113TS 13S081PM1
19980328,Damjan Miletic,13S081M2 13S113AOR2 13S114IS2 13S114PIA 13S041OE
19980538,Tijana Tasic,13S114ZP
20090242,Radomir Antonijevic,13S112ASP2
19990453,Lazar Arsenovic,13S113KDP 13S082VS 13S081M1
19950545,Branislav Bakovic,13S032PMT 13S091EJN 13S112OO2 13S113BP2 13S111PP2 13S111ORT1
20120352,Denis Djordjevic,13S052SIS
20140193,Janko Maljkovic,13S081M1 13S114IS2 13S111ORT1 13S111PP2 13S061OF
20190719,Andrej Aleksic,13S111RMFP 13S114PP1
20070280,Andrija Spasojevic,13S114IS2
20150205,Stevan Stamenkovic,
20050630,Milica Grgovski,13S113IEP 13S082NAD 13S111P1 13S113BP2 13S114PMU 13S112ASP2
20160276,Veljko Vujic,13S113BP2 13S081PM2 13S082NAD 13S112POS 13S114MIPS 13S114PMU
19980298,Filip Janicijevic,13S113PSI
19990095,Vuk Vukasovic,13S042ODE 13S091EJN 13S114PIA
20130060,Boris Urosevic,13S111P1 13S111ORT1 13S082VS 13S112ORT2 13S114PMU 13S041OE
20060244,Marko Lezaja,13S111PORT 13S114MIPS 13S114IS2
20100644,Mihailo Milicevic,13S114ZP
20070580,Ana Cotra,13S113RG
20060678,Andjela Tasic,13S114VLSI 13S074IOA 13S113RM2
20200506,David Vujic,13S113KDP 13S111PP1 13S111P2
20210747,Sandra Antonijevic,13S112AR 13S113IS 13S111PPK 13S081PM1 13S091S
19950476,Sanja Slavic,13S112PPK 13S082NAD 13S114MIPS 13S111PPK 13S061OF
20070495,Marko Plasic,13S111PPK 13S113OS2 13S114ZP
20210411,Stevan Tanjevic,13S091EJV
20070549,Marko Savic,13S113SS
20190016,Dusan Grujic,
20030135,Sofija Vujcic,13S113RM2 13S082VS 13S113IS 13S081M2 13S091S
20210688,Lazar Grgovski,13S111PKR 13S081M1 13S042ODE 13S112OS1 13S114PRS 13S081PM2
20050053,Ana Urosevic,13S091S 13S114PRS 13S114PIA 13S042ODE 13S114MIPS 13S112POOP
19970433,Denis Stevanetic,13S111P1 13S111ORT1 13S113AOR2 13S112PPK 13S113TS
20010335,Petar Marjanovic,
20180154,Anastasija Prodanovic,13S113AOR1 13S112OO2 13S111RMFP 13S091EJN
20160281,Vladimir Despotovic,13S113IEP 13S111ORT1
20010022,Sava Djajic,
20150458,Radomir Panic,
19960186,Jona Spasojevic,13S113RG
20070414,Matija Jovicevic,13S114IS2 13S113KDP 13S111ASP1
19980204,Goran Stevanovic,13S111ORT1
20100159,Andrej Novakovic,13S112OO1 13S113PSI 13S113RM2 13S042ODE 13S091EJN 13S091EJV
20190496,Anastasija Aleksijevic,13S113BP2 13S113IEP
19950217,Maja Grujic,
19950553,Damjan Stamenkovic,13S081PM1 13S113USP 13S111P1
20080352,Petar Kalinovic,13S042ODE
20030349,Anica Lezaic,
20210515,Matija Zujovic,13S112OS1 13S061OF 13S112BP1
20140422,Lana Popadic,13S113PSI 13S111PKR 13S113AOR1
19950395,Zeljko Djeric,13S114MIPS 13S111ORT1 13S042ODE 13S081PM1
20010296,Sara Isic,13S112BP1 13S114PMU 13S112RM1 13S061OF
20160699,Danilo Jovanovic,13S114IS2 13S061OF 13S113SS 13S112RM1 13S113IEP
20200503,Anastasija Radojicic,
20020149,Petar Stancic,13S114ZP 13S081PM2 13S082VS 13S112OS1
19950036,Milica Ivkovic,
20190112,Dusan Zindovic,13S114VLSI 13S052SIS 13S113TS 13S061OF 13S112BP1 13S111RMFP
20070597,Sava Gajic,13S111ORT1
20120603,Ilija Milovanovic,13S111P1 13S111PP2 13S112BP1 13S111ASP1
20000509,Aleksandar Jovanovic,13S113RG
20090369,Radomir Vasovic,13S112BP1 13S111ASP1 13S113IS1 13S113KDP 13S111P1
19980176,Tamara Milojevic,13S081M1 13S032PMT 13S091UM 13S082VS 13S112POS
19950098,Bozidar Brzakovic,13S111P2 13S112RM1 13S112ORT2 13S111PKR
20150241,Ana Marija Vujnovic,13S113USP 13S113IS1 13S112POOP 13S061OF
20000677,Bogdan Radojevic,13S111PORT
20180167,Dunja Slavic,13S112ASP2 13S112OO2 13S113KDP
19980380,Lazar Vujovic,13S114PIA 13S112PPK 13S091UM
20150703,Lenka Curguz,13S081M1 13S113BP2 13S111P2
20080717,Radomir Maric,13S112OO2 13S112OO2 13S111PP2 13S082NAD 13S114PP1
20090210,Dragana Zujovic,13S114PP1 13S074IOA 13S113RG 13S114VLSI 13S082NAD
20090501,Sara Radojevic,13S113PSI 13S113AOR2
20070640,Djordje Tasic,13S114PP1 13S114MIPS
20030726,Branislav Novakovic,13S113OS2 13S114VLSI 13S112OO2 13S111ORT1 13S113RM2
20140520,Zeljko Jakovljevic,13S114PIA 13S113AOR2 13S114MUPS 13S112POS 13S082VS
20140487,Draga Tanjevic,
19950486,Milena Vasic,13S113RG 13S113SS 13S112OO1 13S113BP2
20090708,Djordje Vujcic,13S113RG
20180748,Lenka Bakovic,13S113IEP 13S114PIA 13S113TS 13S114PMU
20030540,Sava Zindovic,13S114ZP 13S113SAB 13S113KDP 13S041OE
20090683,Ana Djosic,13S112AR 13S113RM2 13S111PORT 13S111PP2
19980209,Jovana Panic,13S111PKR 13S113RG 13S112VD
20000579,Tadija Mitrovic,13S113PS 13S112OO1 13S111P1 13S112OO2 13S112ORT2
20120696,Jovana Dimitrijevic,13S111P2 13S032PMT 13S112BP1 13S091EJV 13S113TS
20200066,Luka Ristic,13S112BP1 13S112RM1 13S111PPK 13S112POS 13S113PS
20080602,Anica Tomic,13S111ORT1 13S112POS 13S113TS 13S081PM1 13S032PMT 13S112OO1
20160122,Radomir Kovacevic,13S091EJV 13S111PP1 13S111PKR 13S041OE 13S111PKR 13S111PKR
20030735,Dusan Omerovic,13S082NAD 13S111PORT 13S112OO1 13S113RG 13S113SAB
20200529,Denis Gosic,13S074IOA 13S113OS2
20210324,Nemanja Djeric,13S113BP2 13S091S 13S114ZP
20180314,Nina Hrustic,13S091EJV
20160384,Sara Vujnovic,13S052SIS 13S081PM2 13S081M1 13S111PP2 13S081M1
20080134,Igor Milosevic,
20110590,Stevan Cirkovic,13S111PPK 13S114ZP 13S091UM 13S112OO2
20180338,Milos Panic,13S114PMU 13S042ODE 13S114PIA 13S111PPK
20210005,Milijan Arsenovic,13S082NAD 13S082VS 13S041OE 13S112AR 13S042ODE 13S081M2
19970747,Andjela Petrov,13S111P1 13S113SS 13S111ASP1 13S113AOR1
20040683,Teodora Jakovljevic,13S091S 13S112PPK 13S081M1 13S081PM1 13S081PM1 13S112PPK
20120334,Djordje Kovacevic,13S111PKR 13S113BP2 13S041OE 13S113PS 13S111PPK
20210302,Sandra Milovanovic,13S113USP
20040323,Elena Despotovic,
19950663,Danilo Janicijevic,13S111ORT1 13S111PORT 13S041OE 13S113TS 13S111ORT1 13S091UM
20040365,Dusica Mandic,13S113BP2
20180365,Sergej Plasic,13S111PP2 13S112OO1 13S081M1 13S113IS1 13S112AR 13S081M2
20120111,Kosta Djajic,
20040336,Zeljko Djajic,13S111PORT 13S113SAB 13S114PMU 13S091EJN 13S091EJN 13S112OO2
20120008,Ljubisa Pavlovic,13S111PP2 13S091EJN 13S113PS 13S114PRS 13S111P2
20110553,Milan Milojevic,13S042ODE 13S082VS 13S081PM2
20130699,Anica Zindovic,
20210583,Vladimir Zujovic,13S112ASP2 13S041OE 13S082VS 13S091UM
20140477,Milijan Urosevic,13S111RMFP 13S114VLSI 13S111PP1
20000597,Bozidar Ninkovic,13S112OO1 13S111ASP1 13S113SS
20190339,Jovan Arsenovic,13S081M1 13S112OO2 13S114PP1 13S053NM 13S111ORT1
20000036,Boris Tosic,13S114ZP 13S032PMT 13S111RMFP 13S112AR 13S111ASP1 13S091S
20040424,Jelena Ljubisavljevic,13S112AR 13S113IS1 13S111PKR 13S112OS1 13S081M2 13S112OO1
20030388,Ivan Celebic,13S091EJN 13S114MUPS 13S113KDP
20070303,Elena Mrdja,
20200664,Djordje Bogdanovic,13S114PP1 13S113IS1 13S114IS2 13S113RG 13S111PPK 13S113IEP
19970356,Tijana Jovicevic,13S113IS1
20040101,Nevena Grujic,13S114MIPS 13S112POOP
20110523,Mihajlo Radenkovic,13S112VD
20020572,Biljana Zecevic,13S111P2 13S113AOR1 13S082VS
20210624,Mateja Trifunovic,13S113PSI 13S061OF
19970026,Mirko Dimitrijevic,13S113PSI 13S113RG 13S061OF 13S113BP2
20110470,Tamara Turanjanin,
20070015,Pavle Ilic,13S111P1 13S111P2
20010186,Aleksa Stojanovic,13S113IS
20160313,Petar Runic,13S114PMU
20020584,Petar Janevski,13S114ZP 13S113KDP 13S114ZP
19950578,Kosta Zivkovic,13S113IS1 13S113RG 13S032PMT 13S112ORT2
20000549,Dusica Runic,13S032PMT
20160525,Dusica Stojanovic,13S114PMU
20130657,Ilija Janicijevic,13S041OE 13S091S 13S042ODE 13S114IS2 13S112VD 13S111RMFP
20200609,Veljko Nikolic,13S114PIA 13S111ORT1 13S081M2 13S113TS 13S113RM2 13S113IS
20170246,Bogdan Mandic,13S113IS1 13S081M1 13S113IS 13S091EJN 13S113IS
20210388,Tadija Madic,13S113TS
20140015,Natalija Avakumovic,13S091UM 13S112POS 13S112VD 13S113AOR1 13S112PPK 13S111RMFP
20160267,Vladimir Labudovic,13S113PSI
20140680,Pavle Bakovic,13S112ORT2 13S111PORT 13S113OS2 13S113IS1 13S112OO1
20010635,Tamara Aleksijevic,13S091EJN 13S113RM2
20050572,Jovana Prodanovic,13S114PRS
20110245,Veljko Jovanovic,
19980689,Djordje Tosic,13S112OO2 13S112OO1 13S111P2
20030238,Milijan Milosevic,13S052SIS 13S114PIA 13S113RG
20110658,Masa Stefanovic,13S111ASP1 13S113PSI 13S111ASP1
19990081,Mateja Vukasovic,
20200461,Elena Janevski,13S114PRS
19980271,Uros Grebovic,13S091S 13S114PP1 13S111RMFP 13S112VD 13S112OO1 13S074IOA
20130297,Dusan Popovic,13S112ASP2 13S112OO1 13S114IS2 13S091UM 13S114VLSI
20000527,Radomir Mandic,13S111PPK 13S053NM
20130361,Filip Lezaja,13S082NAD 13S111ASP1 13S113RG 13S091S 13S113PSI
20190524,Mirko Popadic,13S111RMFP 13S081M2 13S114PRS 13S113AOR2
20030507,Andrija Vujic,13S112POS
20160656,Marko Djosic,
19980309,Viktor Stojkov,13S111RMFP 13S113IS1
20210095,Maja Zindovic,13S052SIS 13S111P2 13S114MUPS
20070164,Natalija Pecic,
20120017,Zarko Marinkov,13S113IS1 13S112POOP
19990300,Lana Vukasovic,
20090701,Marko Stevanovic,
19980275,Djordje Kalinovic,13S053NM 13S113USP 13S111PP1
20140259,Tamara Kalinovic,13S114MIPS 13S112BP1 13S113BP2 13S113BP2
20070216,Mateja Stojnic,13S111PP1 13S112RM1 13S091UM 13S111PORT 13S111PORT 13S112ASP2
20020495,Zarko Radivojevic,13S114PRS 13S114IS2 13S113IS1
20090002,Ana Marija Grgovski,13S113RM2 13S112OS1 13S114MUPS
19990507,Ivan Zivkovic,13S113SS
20070565,Andrej Vukasovic,13S091EJV 13S113IS 13S081PM2 13S113KDP 13S114MUPS
20200333,Elena Eric,13S074IOA 13S112ORT2 13S061OF 13S111PORT
19950736,Tijana Gajic,
20010545,Dusica Stojkovic,13S082NAD 13S113AOR2
19970426,Dunja Vujnovic,13S114MIPS 13S113AOR2 13S081M1 13S112POOP
20190574,Bogdan Jakovljevic,13S113SS
20070739,Goran Vukotic,13S112VD 13S112RM1 13S112OO2 13S082VS
20010667,Andrej Miletic,13S114PRS 13S113KDP 13S114PIA 13S112VD
20150323,Sava Celebic,13S112BP1 13S112RM1 13S111P2 13S114PRS 13S112VD
20000050,Andrej Grebovic,13S112OO1 13S111ORT1 13S114PMU
20130692,Stefan Djuric,13S112BP1 13S113AOR1 13S091S 13S091EJV 13S081PM1 13S053NM
20060071,Petar Nikolic,13S061OF 13S082VS
20100572,Mihailo Bakovic,
20210512,Pavle Salovic,13S113RG 13S111PPK 13S113AOR2
20180291,Branislav Pecenicic,13S114PIA 13S114PP1 13S113PS
19990313,Radomir Puric,13S113SAB 13S113BP2
20210133,Mikan Ivkovic,13S111PP1 13S113IEP 13S114ZP
20120349,Andrej Radojevic,13S114PP1 13S111PKR 13S091EJV
20080191,Jovana Krezovic,13S114VLSI 13S111PKR 13S111PORT 13S111PP1 13S081PM2
20160329,Veljko Lezaic,13S114MUPS
20120336,Biljana Janevski,13S041OE 13S114PIA 13S111RMFP
19990360,Bozidar Ognjenovic,13S111PORT 13S112OS1 13S113IEP 13S112POS 13S091S
20090121,Draga Zeljkovic,13S113IS1 13S113PS 13S112OS1
20020140,Danilo Trifunovic,13S114ZP 13S113IS1 13S112ORT2
19970444,Katarina Djukic,13S113OS2
20160074,Lana Milojevic,13S112VD 13S111PKR 13S113USP 13S113USP 13S082NAD
20120736,Mikan Zujovic,13S082NAD 13S113TS
20150079,Tadija Pecic,
20010515,Bogdan Lezaja,13S113AOR1 13S042ODE
20010158,Stevan Brankovic,13S114PP1
20170226,Sara Vujcic,13S112AR 13S052SIS
20140093,Milisav Zdravkovic,13S113PS 13S111PPK 13S111P1 13S112RM1 13S112PPK
20000399,Tijana Mitrovic,13S081PM1 13S111P1
19990469,Sergej Bakovic,13S053NM 13S111PP1 13S113SAB 13S112OO1 13S113RM2
20180282,Nina Stojkov,13S112ASP2 13S114VLSI 13S112POS
20110139,Branislav Radojevic,13S082NAD 13S041OE 13S113RM2 13S111ASP1 13S113BP2
20190306,Matija Antonijevic,
20050157,Mihailo Markovic,13S114IS2 13S111PORT 13S112OO2 13S032PMT 13S113SS 13S113IS1
20180584,Andjela Zivkovic,13S111PPK
19960109,Andrea Stosic,13S091UM 13S112OO1 13S111RMFP 13S113USP 13S082NAD
20120290,Kosta Milojevic,13S114MIPS 13S111ORT1
20060003,Anastasija Mrdja,13S114PP1 13S112OO2
20080057,Andjela Smolcic,13S052SIS 13S112POS 13S113OS2 13S113RM2
20140070,Aleksa Stojanovic,13S112OS1 13S032PMT 13S113PSI
20210059,Uros Salovic,13S111PORT 13S112RM1 13S112OS1 13S113SAB 13S114VLSI 13S111PP2
20160528,Jona Stamenkovic,
20200234,Milica Bakovic,13S074IOA
20040137,Boris Milovanovic,13S111PP1 13S091EJV 13S081M1 13S111RMFP
20140545,Pavle Ristic,13S091UM 13S091UM 13S113AOR1 13S091EJV
20190307,Veljko Jankovic,13S114VLSI 13S091UM
20200037,Draga Vidosavljevic,13S111P2
20110239,Stevan Trifunovic,13S113SAB
20200380,Sandra Miletic,13S114MIPS 13S113PSI 13S081PM2 13S114MIPS 13S114VLSI
20120495,Marko Omerovic,13S074IOA 13S112BP1 13S114PRS
20030400,Matija Zelic,13S113SAB 13S114PP1
20100554,Anica Djosic,13S061OF 13S082NAD
20190010,Sanja Ostojic,13S114IS2 13S113RG 13S113AOR2 13S091EJV 13S111ASP1 13S113PSI
19990051,Janko Marinkov,13S113PSI 13S113TS 13S114PIA
19960058,Andrej Djeric,13S112POOP 13S112OO2 13S113RM2 13S114PMU 13S091UM 13S112ORT2
20150219,Goran Eric,13S112POS 13S081M2
20140249,Nemanja Lezaic,13S113OS2 13S113KDP 13S111PKR 13S074IOA 13S113OS2 13S081M1
20060312,Julija Puric,13S114MUPS 13S113RG 13S112POOP 13S032PMT 13S112OO2 13S112POS
20200045,Draga Radojevic,13S112AR 13S112POS 13S112RM1 13S112OO1
19960220,Viktor Cekerevac,13S113AOR2 13S113AOR2 13S081M1 13S113IS
20100584,Milica Djajic,13S081M2 13S113OS2 13S113AOR2 13S114MUPS 13S111P1 13S111ASP1
19990737,Sasa Urosevic,13S114MUPS
20100379,Ljubisa Grebovic,13S112OS1 13S091UM 13S113IS1 13S114VLSI 13S091EJV 13S052SIS
20110128,Andjela Petrovic,13S114PRS
20180436,Jovan Zelic,13S114MIPS 13S114MIPS
20030067,Dunja Ivkovic,13S111PPK
20140659,Julija Urosevic,13S111PORT 13S112AR 13S112ORT2 13S111PORT 13S091EJN 13S042ODE
20070526,Katarina Vujic,13S081PM2 13S091UM 13S114PMU
20190437,Luka Celebic,13S111PPK 13S112OS1 13S061OF 13S111PP2 13S091EJN 13S113TS
20050410,Pavle Labudovic,13S111PPK 13S053NM 13S113TS
19950673,Sara Vucic,13S112PPK 13S112OO2
20210459,Milijan Despotovic,13S091EJN 13S042ODE 13S113USP 13S113PS 13S113TS 13S042ODE
20130347,Tamara Miletic,13S081M1 13S113IS1 13S113KDP 13S112OS1 13S113AOR1 13S112POOP
20180685,Jelena Tanjevic,13S113SS 13S111P2 13S112OO2 13S113TS 13S081M2
20100451,Julija Lukovic,13S032PMT 13S114PRS 13S112BP1 13S112RM1 13S113SS
20020548,Dunja Milosavljevic,13S114IS2 13S112RM1
20170038,Vladimir Avakumovic,13S113RM2
20150403,Sofija Eric,13S081PM1 13S074IOA 13S111RMFP
20020581,Ljubisa Bogdanovic,13S111PPK 13S114PMU 13S091EJN 13S061OF 13S114VLSI 13S114PP1
19990530,Milena Kosovac,13S112PPK 13S112VD 13S111ASP1 13S091S
20050323,Ana Marija Stojanovic,13S112BP1 13S113IS 13S053NM 13S091EJN
20100063,Milisav Radenkovic,13S113SAB 13S112BP1 13S113OS2 13S113SS 13S082VS 13S111P1
20210022,Veljko Radenkovic,13S091EJN 13S113PS
20040636,David Slavic,13S113RG
20100356,Julija Zelic,13S112BP1 13S114ZP
19970074,Milos Jankovic,13S113IS1 13S112POS
20000511,Sasa Mako,13S113AOR2 13S112OO2 13S111PORT 13S082VS 13S111PPK
20000127,Tamara Radojicic,13S113SS 13S111PP2 13S032PMT 13S114PRS 13S032PMT
20150149,Mihailo Stojkov,13S041OE
20140105,Andrija Stancic,13S113SAB 13S113TS 13S112VD
20020414,Mirko Markovic,13S112VD 13S111RMFP
20140378,Sava Brkovic,13S113TS 13S041OE 13S113TS
20180595,Masa Popadic,
20040338,Lenka Djuric,13S091UM 13S052SIS 13S111ASP1 13S112VD
20070118,Mirko Mandic,13S052SIS 13S091UM
20120621,Marko Radivojevic,13S113PS 13S112VD 13S113BP2 13S113PSI 13S074IOA
20200063,Aleksandra Lezaic,13S112POOP 13S113IS 13S112PPK 13S111PP2 13S112BP1 13S112PPK
20150650,Dragana Savic,13S111PORT 13S032PMT 13S112ORT2 13S114MIPS 13S113USP
20000008,Anica Mladic,13S112OO2 13S112ASP2
20100140,Dunja Nenadovic,13S091EJV 13S112PPK 13S112ASP2
20040460,Sandra Ilic,13S113SAB 13S091EJV 13S114MIPS 13S113RG 13S114VLSI 13S113IS1
20070118,Darinka Djumic,13S114PP1 13S112RM1 13S113BP2 13S111PP1
20080190,Nevena Krezovic,
20210597,Bogdan Markovic,
19970736,Milica Stevanovic,13S091UM
20070690,Nemanja Jankovic,13S081M2 13S061OF 13S081PM1 13S113SS
20020624,Denis Mihajlovic,
20060174,Milos Bjekic,13S113RG 13S091S 13S053NM 13S081M1
20170041,Branislav Dimitrijevic,13S111PKR 13S091S 13S111PP1 13S053NM
20120625,Anastasija Curguz,13S114MIPS 13S113RM2 13S052SIS 13S081PM1
20150173,Andjela Bjekic,13S082NAD 13S113RG
20050567,Anastasija Jakovljevic,13S112AR 13S113RG
20060587,Sava Vucic,13S112ASP2 13S114IS2 13S113AOR1 13S112OS1 13S112OS1
19960048,Branislav Maric,
19970009,Elena Rankovic,13S112ASP2
20130293,Vuk Tokmacic,13S111P2
20010384,Nina Zarkovic,
20070411,Marija Gosic,13S082VS 13S114ZP 13S114VLSI 13S091EJV 13S114MUPS
19980701,Stevan Tokmacic,13S081M1 13S111PP1 13S082NAD 13S113IS1 13S113AOR1
20090573,Dragana Gojkovic,13S111ORT1 13S112OS1 13S112ORT2 13S111ASP1
20190469,Ivan Pecic,
20140508,Andrija Stojkovic,13S113RG 13S113USP 13S061OF 13S111PORT
20030193,Bozidar Kalinovic,
19970229,Sava Janevski,13S032PMT 13S112RM1 13S091EJN 13S112ORT2 13S081PM2 13S113SAB
20120168,Sanja Stojanovic,13S113TS 13S111ORT1 13S111P1 13S053NM 13S112ORT2
20140709,Jovan Mako,13S112BP1
19990642,Andjela Radojicic,13S113SAB 13S091S 13S114PP1 13S112BP1 13S042ODE 13S112VD
19990625,Branislav Milosevic,13S061OF 13S091UM 13S081PM1 13S112AR 13S113IS 13S053NM
20150278,Darinka Ljubisavljevic,13S032PMT
20010044,Masa Stojnic,
20070682,Milica Stojnic,13S061OF 13S113OS2 13S111ORT1 13S113PSI 13S112OO2 13S111ORT1
20120279,Milica Vujnovic,13S114ZP 13S113AOR1
20010343,Andjela Tasic,13S082NAD 13S114PIA 13S113PS
19960591,Viktor Isic,
20160097,Denis Popovic,13S111PP2 13S091EJN 13S111ASP1 13S112ASP2 13S091EJV 13S111ASP1
20170395,Lenka Marjanovic,13S081PM2 13S111ASP1 13S112AR 13S111PORT 13S091S 13S112POS
20130004,Milena Ivanovic,13S113SS 13S112OO1 13S112OS1 13S041OE
19980410,Jovan Gojkovic,
20200243,Sergej Runic,13S091S 13S041OE 13S113OS2
20060543,Darko Tiosavljevic,13S081M2 13S112RM1 13S111PP1 13S111PKR
19980531,Natalija Cotra,13S113IS
20020732,Tijana Mako,13S112ASP2
20090518,Mihailo Mako,13S112ORT2 13S112ASP2 13S074IOA 13S113AOR2 13S112AR 13S052SIS
20160674,Goran Stanojevic,13S112OO1 13S113IS 13S082NAD
19950687,Milijan Jankovic,13S112BP1 13S112PPK 13S111ASP1 13S052SIS 13S111PKR 13S113IS
20210670,Mihajlo Tanasijevic,13S082NAD 13S091EJV 13S112AR 13S114MIPS 13S112AR 13S114PP1
20160419,Ljubisa Djosic,13S111PP2 13S113USP 13S113BP2 13S113USP 13S081M2
20130524,Radomir Runic,13S091EJV 13S113RG 13S113OS2 13S113AOR1 13S113PS
20170182,Maja Trifunovic,13S114PP1 13S114PP1 13S113IEP
20180618,Milijan Pavlovic,13S114PIA 13S112AR 13S114MIPS 13S091UM 13S113PS
20130649,Lazar Kovacevic,13S042ODE 13S112PPK 13S111PP1
20080306,Lenka Grujic,13S053NM 13S113AOR1 13S112VD 13S081M1 13S041OE
20180163,Damjan Milovanovic,13S113BP2 13S114VLSI 13S114PMU 13S114PP1 13S091EJV 13S082NAD
20210527,Nina Nikolic,13S061OF 13S052SIS 13S111P1 13S113IEP
20110361,Tamara Brzakovic,13S113PSI 13S112OO2 13S112POOP 13S111PKR
19960071,Kosta Rankovic,13S082VS
20130195,Bozidar Avakumovic,13S113SAB 13S113RM2 13S032PMT
20210203,Andrej Savic,13S113TS 13S113PSI 13S113SAB
20030595,Andjela Djosic,13S113AOR2 13S041OE 13S113PSI 13S113PS 13S081PM2 13S112PPK
20150641,Nevena Boskovic,13S111ORT1
20190718,Mirko Vucinic,13S113OS2 13S061OF 13S111PPK
20010241,Jelena Djordjevic,13S112PPK 13S081PM2
20100610,Filip Grujic,13S114VLSI 13S112AR 13S081M1 13S041OE
20080489,Mihailo Ivkovic,13S081M1 13S114PMU 13S091EJV
20190105,Sofija Vujovic,
20190463,Djordje Krstic,13S113AOR1 13S111RMFP 13S113IS1 13S113PSI
20110273,Nevena Vukotic,
19960165,Zarko Perlic,13S114PP1 13S111PORT
20070255,Nikola Krstic,13S042ODE
20210513,Milena Bjekic,13S081PM1 13S114ZP
20090696,Ana Stevanovic,13S113IS1 13S113AOR2 13S112BP1
20090710,Mihailo Jahic,13S111PORT 13S111ASP1 13S113BP2
19970131,Danilo Zelic,13S112VD 13S114PMU 13S061OF 13S091S
20170519,Ivan Spasojevic,13S113RG 13S113RM2 13S112VD 13S114PIA
20010446,Bozidar Zarkovic,13S111RMFP 13S113USP 13S081M2
20150118,Draga Bjekic,
20110433,Masa Bogdanovic,13S061OF 13S111PKR 13S114MIPS 13S113PSI 13S114PRS
20030230,Nemanja Zujovic,13S052SIS 13S113TS 13S113RM2 13S114MIPS
20040674,Milijan Vujnovic,13S111P2 13S091EJV 13S113RM2 13S113RG
20180437,Vladimir Milanovic,13S113USP 13S113PSI 13S112POOP 13S113OS2 13S113PS 13S053NM
20000297,Kosta Celebic,13S081M2 13S112RM1 13S113AOR1 13S113AOR1
20140008,Andrej Mihajlovic,13S112ORT2 13S061OF
19960191,Milos Pavlovic,13S112ASP2 13S114PMU
20050208,Mateja Gajic,13S114PRS 13S113RG 13S111RMFP
19970314,Dragana Maljkovic,13S091EJN 13S111RMFP 13S082VS
20120677,Branislav Marinkov,13S111P2 13S113AOR2 13S091EJV 13S112POS
19950509,Marija Gojkovic,13S114PP1 13S113SS
19950336,Andjela Zujovic,13S113USP 13S113USP 13S113KDP 13S112RM1 13S113PS
20110324,Goran Pecenicic,13S114MUPS 13S112OO2 13S111P2 13S111PKR
20120351,Anastasija Stojkov,13S114ZP 13S113TS 13S113OS2 13S114PRS 13S053NM 13S052SIS
19990431,Ljubisa Vucic,13S111P1 13S113OS2
20210482,Maja Bakoc,
20080284,Draga Kreckovic,13S114MUPS 13S113PS 13S114PRS 13S111PKR 13S114PP1 13S041OE
20140337,Sasa Popadic,
19960552,Denis Tasic,13S113AOR2 13S114MUPS 13S113PS 13S114PIA 13S112OO1
20080464,Nevena Grujic,13S114PIA
20100239,Andrija Zarkovic,
20010299,Sava Lukic,13S114MIPS 13S111PKR 13S112ASP2 13S113IS1
20000728,Radomir Marinkov,13S082NAD 13S114ZP 13S111ORT1
19980110,Tadija Runic,13S111P1 13S114PIA 13S111RMFP 13S091EJN 13S111PPK
20180179,Natalija Mitrovic,13S114IS2 13S081M2 13S091EJN 13S113OS2 13S111PKR
20070082,Katarina Stojkovic,13S061OF 13S081PM2 13S113IS1 13S112BP1
20060093,David Tiosavljevic,13S113USP 13S112AR
19970496,Aleksandra Gavrilovic,13S091EJN 13S114MIPS 13S112VD 13S091EJV 13S112AR
20140538,Jovana Prodanovic,13S112AR 13S113PSI 13S114IS2 13S113AOR2
20130666,Goran Bjekic,13S111PORT 13S113IS
19980504,Djordje Tosic,13S114IS2
19970405,Tijana Zujovic,13S112POS
20210029,Kosta Aleksijevic,13S111ASP1 13S091EJV 13S113RG 13S112ASP2 13S112OO1 13S114VLSI
20200070,Tadija Milovanovic,13S091EJN 13S113RM2 13S113SS
20080253,Andrea Curguz,13S113BP2 13S041OE 13S113TS 13S111ORT1
20180056,Dunja Paunovic,13S113USP 13S113IS1 13S042ODE 13S114PIA
20090649,Teodora Glibetic,13S113AOR1 13S112POOP 13S112POOP 13S091EJV 13S113AOR1 13S111P2
19950100,Aleksandra Bjekic,13S112POOP 13S111PP2 13S113KDP 13S114ZP 13S113USP 13S113RG
20170104,Viktor Stamenkovic,13S113OS2 13S112OO2
20000021,Milijan Mihajlovic,13S113OS2
19980666,Ana Vasovic,13S082NAD
20030698,Filip Gojkovic,13S113IS 13S111RMFP
20040640,Milijan Ognjenovic,13S053NM 13S111P1
20030230,Dunja Ostojic,13S111ORT1
20080685,Mihailo Tiosavljevic,13S082NAD 13S111PP2 13S111P2 13S111RMFP
20050541,Mihailo Avakumovic,13S111PP2 13S082NAD
20100186,Nevena Gavrilovic,13S114ZP 13S113RM2 13S111PPK 13S111ASP1
20200028,Marko Antonijevic,
20140222,Tamara Celebic,13S112RM1 13S091EJV 13S114MIPS 13S112OS1 13S091UM 13S111PORT
20090664,David Nicic,13S113KDP 13S112POOP
20120648,Darko Petrov,
19960177,Ana Marija Vujic,13S114MUPS 13S111PPK 13S114PP1 13S061OF 13S113IS 13S114VLSI
20070558,Anastasija Stojnic,13S111PPK 13S113BP2 13S112ASP2 13S113SAB 13S091UM
19980610,Nemanja Bjekic,13S114MIPS 13S081PM1 13S111P2
20120172,Andrea Radivojevic,13S113TS 13S113AOR1 13S032PMT 13S112OS1 13S112BP1
19990617,Sanja Slavic,13S113OS2 13S113TS 13S114PMU 13S113TS
19960625,Andjela Plasic,
20020067,Ilija Jankovic,13S113RG 13S082VS 13S081M1 13S113SAB 13S111RMFP
20160316,Matija Milicevic,13S112OS1 13S113IEP 13S111ASP1
20040333,Jelena Puric,
20170681,Djordje Stevanetic,13S113TS 13S111PORT 13S114ZP
20080124,Milan Ristic,13S112RM1 13S113OS2 13S091UM 13S112VD 13S111PORT 13S111P1
20140444,Goran Tomic,
20020460,Vuk Djordjic,13S113USP
20190498,Petar Bakovic,13S113SS
19970720,Dusica Marjanovic,13S111RMFP
19980735,Masa Zivkovic,13S114PRS
20120680,Tijana Paunovic,13S113BP2
20170051,Branislav Pirgic,13S114ZP 13S113OS2 13S114PIA
20100552,Marko Curguz,13S111PPK
20180125,Milijan Stojnic,
20200577,Denis Popadic,13S113IS1 13S113RG
20140251,Sava Djordjevic,13S111PPK 13S114IS2 13S041OE 13S114IS2 13S111P2
20040261,Katarina Vasovic,13S052SIS 13S091EJN 13S042ODE 13S113RM2 13S112VD
20140466,Dusan Gojkovic,13S052SIS 13S112BP1 13S111PPK 13S052SIS
20150199,Marija Vucinic,13S082NAD 13S114PMU
19950056,Teodora Ognjenovic,
20090169,Igor Marjanovic,
20170024,Nevena Aleksic,13S113USP 13S113TS 13S091S 13S042ODE 13S081PM2 13S032PMT
20210516,Mateja Zivkovic,13S081M1 13S114MUPS 13S111PP1 13S091EJV
20020345,Bogdan Slavic,13S074IOA 13S091EJN 13S113KDP
19980460,Tijana Krstic,13S081PM1 13S113PS 13S111ORT1 13S081PM2
20140659,Tadija Djordjic,13S082VS 13S113IEP
20040736,Elena Zeljkovic,13S113RM2
20130468,Nevena Vucinic,
19970094,Mihajlo Tosic,13S112ASP2 13S081PM2 13S112RM1
19970526,Branislav Bozanic,13S082VS 13S111P2 13S113SAB 13S113BP2 13S111PKR 13S112POS
20200556,Milica Nicic,13S112PPK 13S112VD 13S081PM2
20110271,Petar Gavrilovic,13S111P1 13S112PPK 13S091EJV
20010735,Nikola Krstic,13S082NAD 13S112OO1 13S111PPK
20190436,Andrea Brzakovic,13S114ZP 13S113IEP 13S114PIA 13S113IS1
19950563,Anica Jankovic,13S112POS 13S112RM1 13S112OO1
20200200,Filip Lezaic,13S111PPK 13S091S 13S091UM 13S113IS 13S113PS
20000358,Janko Zdravkovic,13S112POS 13S111RMFP 13S111PP1 13S114IS2 13S113TS 13S113IEP
20110620,Sanja Joksic,13S113IEP
20060031,Andrija Tonic,13S113KDP 13S111PORT
20090647,Masa Perlic,13S114IS2 13S113IS 13S112AR
19950424,Zarko Hrustic,13S111ORT1 13S114VLSI 13S052SIS 13S111PP1 13S112OO2
20190013,Andjela Cekerevac,
20010652,Nikola Milosevic,13S113PS
20090350,Andjela Zelic,13S113SAB 13S114MIPS 13S114MIPS 13S112PPK
20050502,Pavle Djuric,13S111RMFP 13S114ZP 13S111ORT1 13S112VD
19950481,Milijan Djuric,13S041OE 13S112OS1 13S082VS 13S111ORT1 13S113IS 13S114VLSI
19960122,Zarko Bojovic,
19980136,Kosta Plasic,13S113USP 13S112ASP2 13S111PKR 13S112OO2
19970144,Tamara Ristic,13S112AR 13S081M1 13S111ASP1 13S111PP1 13S112BP1
20050524,Boris Stevanovic,13S042ODE 13S111P1 13S111ASP1 13S112PPK 13S113OS2 13S111PP2
20150493,Nina Labudovic,13S081PM1
19980026,Biljana Tosic,13S113RM2 13S113OS2 13S113TS 13S111PP2
19980651,Ivan Jakovljevic,13S111PPK 13S112ASP2 13S113TS 13S113AOR1
20090705,Nevena Stojnic,13S113RG 13S032PMT
20180138,Branislav Stojanovic,13S113BP2 13S113IS
20020478,Nevena Perlic,13S112PPK 13S081PM2 13S042ODE
20050040,Anastasija Tomic,13S091EJV 13S112OS1 13S114PRS 13S114PMU 13S052SIS
20150377,Milos Savic,13S081PM1
20180385,Dragana Stancic,13S112BP1 13S112ASP2
20070027,Sasa Petrov,13S091EJV
19990050,Matija Djuric,13S111PPK 13S113SAB 13S112RM1 13S111P1 13S112PPK
20030431,Draga Kosovac,13S112OO1 13S081M1
20100670,Radomir Stojanovic,13S112POOP 13S112POS 13S112PPK 13S113IS 13S114IS2 13S113BP2
20180747,Bogdan Ivkovic,
20210356,Jovana Zezelj,
20140598,Dusica Trifunovic,
20120630,Vuk Glibetic,13S112OO1
20050391,Pavle Stojanovic,13S113USP 13S114MUPS 13S114PP1 13S113OS2 13S113AOR1 13S112POOP
19980665,Anica Tonic,13S081PM1 13S111PPK 13S113BP2 13S111P1 13S113OS2 13S113BP2
20150208,Filip Stevanetic,13S114IS2 13S114PIA 13S113KDP 13S113IS1
20100048,Janko Zecevic,13S114IS2 13S111ORT1 13S113OS2 13S053NM 13S113SAB 13S113IS1
20030321,Djordje Bakoc,13S113RM2 13S111ORT1 13S081PM1 13S112OO1 13S112POS
20090710,Tamara Djeric,13S091EJN 13S112AR 13S113SAB 13S111P2 13S112BP1 13S032PMT
20180034,Jovana Radivojevic,13S113PS 13S111ORT1
20120238,Lana Bozovic,13S081PM1 13S111PPK 13S112AR 13S081M2 13S112RM1 13S112PPK
20000295,Anastasija Grgovski,13S053NM 13S091EJV 13S032PMT 13S114MUPS 13S082VS 13S112OO1
20030407,Sergej Arsenovic,13S113SS 13S042ODE 13S113USP 13S032PMT
20080553,Dusan Bakoc,13S114MUPS 13S111PP1 13S112BP1 13S113TS 13S112POOP 13S112VD
19960507,Milos Plasic,13S114PRS 13S111P1 13S081M2 13S113OS2 13S112ASP2
20030470,Uros Grebovic,
20120691,Igor Gojkovic,13S114VLSI
20130490,Ivan Aleksic,13S113SAB
20010579,Branislav Brkovic,13S111P2 13S111P2 13S082VS
20000237,Natalija Kreckovic,13S053NM 13S113AOR1
20120734,Sanja Petrov,13S091S 13S112AR 13S052SIS 13S113PSI 13S114PIA 13S053NM
20110578,Nemanja Nenadovic,13S114PP1 13S091S 13S113TS 13S112POS 13S113OS2 13S082NAD
20130452,Jovana Cekerevac,13S082VS 13S112OS1 13S032PMT 13S111ASP1 13S112POOP 13S111PORT
20050264,Sanja Antonijevic,13S112OO1 13S052SIS 13S091S 13S082NAD 13S041OE 13S112ASP2
20180238,Mikan Stankovic,13S113PS
19970079,Filip Tosic,13S114PRS 13S112OO2 13S113SAB 13S111PKR 13S111P2 13S042ODE
19980577,Zora Kreckovic,13S113IS
20200589,Andrej Puric,13S111PORT 13S112RM1
19990601,Vladimir Lukovic,13S113PSI 13S112ASP2 13S111PORT
19980016,Bogdan Vasic,13S113RM2 13S061OF 13S113SS 13S114PRS 13S111ORT1
20000404,Andrea Mako,13S111RMFP 13S111PORT
19980500,Goran Paunovic,13S081M2 13S114IS2 13S111PPK
20060717,Veljko Mrdja,13S112ORT2
19970480,Sandra Linic,13S112OO1
20100414,David Zdravkovic,
20110506,Sava Ristic,13S114VLSI 13S053NM
19960346,Uros Madic,13S113PSI 13S052SIS 13S081PM2
19990030,Mateja Krezovic,13S112VD 13S091EJV 13S113IS
20110169,Dragana Bozanic,13S081PM1
20200404,Anica Milicevic,13S061OF 13S091EJN
20170152,Jelena Tomic,
20150106,Ana Marija Stevanovic,13S113SAB 13S082VS
20170733,Uros Ognjenovic,13S042ODE 13S113IS
20060732,Milos Bozanic,13S112ORT2 13S111RMFP
20150352,Tamara Milosevic,13S114PIA 13S113RG 13S112POOP 13S112OO1 13S113RG 13S113BP2
20010589,Sandra Dimitrijevic,
19970466,Jona Milojevic,13S112ORT2 13S112OO1 13S081M1 13S113PSI 13S112BP1
20040551,Viktor Rankovic,
20150622,Dragana Gavrilovic,13S113AOR1
20140102,Ana Marija Ostojic,13S042ODE 13S113RM2
20010039,Radomir Aleksijevic,13S111ORT1 13S114PP1
20210393,Andrea Paunovic,13S074IOA 13S052SIS 13S113KDP
20170181,Vladimir Gavrilovic,13S114MIPS 13S041OE
20030212,Masa Zujovic,13S112RM1 13S081M1 13S032PMT
19980697,Ivan Maljkovic,13S052SIS 13S111P1 13S082NAD
20160646,Aleksandar Cotra,13S113USP 13S114IS2 13S082NAD 13S113PS
20180726,Jelena Bogdanovic,13S112OO2
19960658,Marija Popovic,
20160319,Jona Jankovic,13S111P2
20170475,Zeljko Kreckovic,13S081M1
19990336,Andjela Avakumovic,13S052SIS
20150089,Andrea Tanasijevic,
20180419,Milos Lukovic,
20070568,Veljko Tanasijevic,13S112VD
20010401,Nikola Stevanovic,13S113IS1 13S111ASP1 13S112PPK 13S113IEP
20130362,Igor Mandic,13S112OO2 13S061OF 13S111P1 13S112OO1 13S091EJV
20150349,Dunja Spasojevic,13S112ORT2 13S111ORT1
20040393,Mirko Obradovic,
20200233,Bozidar Zujovic,13S112ORT2 13S081M1
20120574,Sergej Eric,13S061OF 13S112AR
20130665,Veljko Radojevic,
19980129,Aleksandar Maric,13S112AR 13S112VD 13S091EJN
19970496,Denis Mrdja,13S111PORT 13S111ASP1 13S041OE 13S113IEP 13S081M2
20140391,Jelena Bubalo,13S081M1 13S112ASP2
20170343,Dusica Petrov,13S111ASP1
20020343,Anica Stefanovic,13S113SS
20010742,Sanja Pecic,
20120533,Jovan Popov,
20070285,Pavle Cotra,13S113PSI
20140617,Marko Zagorac,13S111RMFP 13S113IS 13S052SIS 13S081M2 13S112VD
20110021,Branislav Stojnic,13S112RM1
20030735,Danilo Bogdanovic,13S042ODE 13S111P1 13S113TS
19970028,Andrija Brkovic,13S032PMT 13S113SS
19950588,Dragana Avakumovic,
20090218,Lenka Vujnovic,13S112AR
20040232,Julija Tokmacic,13S112RM1 13S111PP1 13S081M2
20040722,Milos Novakovic,13S112ORT2 13S082NAD 13S112RM1 13S081PM1 13S114VLSI 13S112AR
20020622,Igor Bakoc,13S112OO2 13S112ORT2
20060030,Lana Cirkovic,13S112RM1 13S111ORT1 13S114ZP 13S061OF 13S114IS2
20090549,Ana Marija Pirgic,
20000442,Andrea Gosic,13S111PORT
20020157,Boris Ninkovic,
20010489,Draga Grbic,13S052SIS 13S112OS1 13S112PPK 13S112ASP2 13S032PMT
20050605,Zarko Stojnic,13S113USP 13S112AR 13S111RMFP
20090289,Filip Bozanic,13S053NM 13S113SAB
19980142,Masa Marinkov,
20190268,Stevan Eric,13S081PM1 13S112OO2 13S111ASP1 13S111PORT 13S091S
20060720,Pavle Bjekic,13S114ZP 13S091EJV 13S111P2 13S112POOP 13S113SS
20070696,Tijana Tasic,13S061OF 13S111P1 13S082VS 13S112OO1
19990478,Nina Stancic,13S113SAB 13S081PM1
20020658,Aleksandar Tanjevic,
20210523,Djordje Ilic,13S112BP1 13S053NM 13S111PPK 13S112VD 13S112POS 13S081M2
20070267,Ljubisa Dimitrijevic,13S111RMFP
20040191,Sara Vasovic,13S112VD 13S082VS 13S112OS1 13S091EJV
20140206,Matija Ljubisavljevic,13S053NM 13S113AOR2 13S114PRS 13S113BP2 13S111RMFP
20030379,Petar Ilic,13S112POOP 13S112ASP2 13S112ASP2 13S111PORT 13S081M1 13S113PS
19990737,Matija Eric,
20210252,Tamara Mitrovic,13S113PSI 13S032PMT 13S111PKR
19990529,Vuk Zelic,
20050037,Janko Plasic,13S113IS 13S082NAD 13S091EJN 13S113AOR1
19960527,Lenka Paunovic,13S091EJV 13S114MUPS
19990085,Zeljko Zujovic,13S111P2 13S111ASP1
19970221,Petar Eric,13S091S
20080364,Stefan Vidosavljevic,13S052SIS 13S032PMT 13S091UM 13S114VLSI 13S081PM1
20050737,Uros Zezelj,13S081M1 13S114PRS 13S113IS1
19970126,Marija Dimitrijevic,13S112PPK 13S112ASP2 13S112OO2
19990354,Aleksandra Puric,13S091S 13S112VD 13S111P2
20210521,Milica Ivkovic,13S111PORT 13S113SS 13S112ORT2 13S113RM2
20020465,Sandra Ristic,
20050278,Darko Omerovic,13S113RM2 13S113USP
19970107,Luka Zeljkovic,13S091S 13S112PPK 13S114IS2 13S032PMT 13S113SAB 13S053NM
20190058,Mateja Stevanetic,13S111P2 13S112PPK 13S053NM 13S113AOR1 13S113IEP 13S032PMT
20070202,Teodora Zujovic,13S111ASP1 13S081M2 13S111PPK 13S111PORT 13S111P1 13S114IS2
20210744,Dusan Kovacevic,13S081PM1 13S114ZP
20200032,Damjan Bakoc,
20120149,Pavle Obradovic,13S113OS2 13S112OS1 13S112OO1 13S112BP1
19960368,Ivan Rankovic,13S082VS 13S111PP1 13S113IS 13S042ODE
19990258,Anica Bozic,13S091S 13S111P1 13S111PP2 13S113PS 13S112VD 13S081PM1
20030304,Andrea Turanjanin,
19960095,Viktor Turanjanin,13S111PP1
20100661,Marija Brankovic,
20140515,Tijana Bakoc,
20190437,Aleksandra Ljubisavljevic,13S074IOA 13S111RMFP
20090024,Sanja Grbic,13S114MIPS
20210610,Petar Mladic,
19980474,Viktor Markovic,13S114PRS 13S112ASP2 13S114PRS 13S112OS1 13S114ZP 13S113RG
19960454,Dragana Trifunovic,13S113RM2 13S113PSI 13S053NM 13S113RM2
20200499,Ljubisa Kosovac,13S114PP1
19980469,Igor Tiosavljevic,13S113IS1 13S114IS2 13S082VS 13S113USP 13S113IEP 13S113RM2
20010447,Zeljko Zujovic,13S114MUPS 13S111ASP1
20000353,Milijan Zelic,13S111PP2 13S114MUPS 13S081M1 13S032PMT
20060467,Stevan Ognjenovic,13S082VS 13S113SS 13S081PM1
20010302,Andjela Bakoc,13S081M2 13S113AOR1
20140134,Zeljko Popadic,13S114MUPS 13S112OS1
20050194,Elena Janicijevic,
20090239,Luka Stevanetic,13S114PRS 13S052SIS 13S111P1 13S112POOP 13S112OS1 13S081M1
20120435,Dusan Spasojevic,13S113OS2 13S112ORT2 13S091EJN 13S112PPK
20190534,Ivan Jankovic,13S032PMT 13S112OO1 13S112RM1 13S114VLSI 13S091EJN
20020578,Bozidar Ilic,13S112OO1 13S042ODE 13S082NAD 13S113KDP 13S112ASP2 13S061OF
20050452,Aleksandra Zarkovic,13S113OS2 13S113SAB 13S032PMT 13S111P1 13S113SS 13S113SS
20040561,Ljubisa Vukotic,
20000132,Janko Boskovic,13S074IOA 13S114VLSI 13S113PSI 13S061OF 13S114MIPS
20150367,Nemanja Novakovic,13S114MUPS 13S074IOA
20200324,Mihajlo Zeljkovic,13S113PSI
20100399,Darko Djordjic,13S053NM 13S061OF
20210430,Sasa Kovacevic,13S113PS 13S042ODE 13S112PPK 13S114PMU 13S112PPK
20180624,Pavle Nenadovic,13S091EJV 13S113IS1
19990300,Andrej Avakumovic,13S114PP1 13S111ASP1 13S113PS
20030030,Andrej Stevanovic,13S113OS2
20110686,Milan Salovic,13S114MIPS 13S111PP2 13S091EJV
20180531,Julija Milojevic,13S113RG 13S091S 13S114PP1 13S111P1 13S041OE
20010665,Draga Radojevic,13S112OS1 13S091EJN
20040588,Anica Zujovic,13S111PPK 13S052SIS 13S113RG 13S112ASP2 13S113IS1
20200654,Jovan Gosic,
19960655,Denis Radenkovic,13S111PP2 13S081M2 13S111RMFP 13S111RMFP 13S111ORT1
20030626,David Linic,13S081M2 13S112AR 13S111PKR 13S112PPK
19990670,Maja Paunovic,13S113IS1
20170078,Uros Markovic,13S113AOR2
19950667,Djordje Gajic,13S113SS 13S111P1 13S081PM2
20200380,Marko Bozic,13S114ZP 13S114ZP 13S041OE 13S112ASP2 13S091S
20150288,Milena Jovanovic,13S052SIS 13S111PORT 13S032PMT 13S112POS
20050445,Damjan Trifunovic,13S113IS1 13S042ODE 13S091EJV 13S082VS
20040421,Kosta Puric,
20030214,Nina Antonijevic,13S082NAD
20110588,Veljko Panic,13S114ZP 13S112PPK 13S114PRS 13S081M1 13S113TS
20110370,Sasa Gojkovic,
20100082,Sava Radivojevic,13S091EJN 13S112ASP2
19980365,Masa Vujovic,13S081M1
20110012,Uros Antonijevic,13S113PSI
20140057,Darinka Stojnic,13S041OE 13S111PORT 13S114IS2 13S032PMT
20000158,Ivan Vukotic,13S081PM1 13S113USP 13S112BP1 13S091EJN 13S114PIA 13S113RM2
20030714,Luka Trajkovic,13S114PP1
19980371,Goran Bozic,
20080650,Ana Marija Omerovic,
19980184,Zarko Stojkov,13S113PSI 13S111PKR 13S082VS
20030228,Milos Vukasovic,13S112POS 13S114MUPS 13S114MUPS
19980366,Sofija Vidosavljevic,
20120458,Darinka Runic,13S113SAB 13S111PP1 13S112OO2 13S112VD 13S114PRS
20000050,Maja Djordjevic,13S112ASP2 13S111P2 13S113SAB 13S113IS 13S113OS2
19980109,Ilija Urosevic,
20000446,Ivan Aleksic,13S074IOA 13S061OF 13S112ORT2 13S112OO1 13S112PPK
20090595,Aleksandar Gavrilovic,13S091EJN 13S111P2 13S113PS
20060091,Tijana Zelic,
20050217,Mihailo Bozovic,13S114IS2 13S091UM 13S112POOP
20060488,Jona Stojkov,13S114ZP 13S041OE 13S082NAD 13S113IS1 13S112VD
19990605,Milena Tosic,13S112PPK 13S081PM1 13S041OE 13S114MIPS 13S112POS
20060674,Jovana Perlic,13S091EJN
20010192,Sofija Vasovic,13S114PRS 13S112ORT2 13S082VS
20080141,Tamara Stojkovic,13S041OE 13S114VLSI
20080060,Darinka Stojkov,
19960177,Ilija Savic,13S111PP1 13S113BP2 13S112RM1 13S113AOR2 13S112BP1
20060628,Darko Ostojic,13S052SIS 13S111PORT
19990290,Elena Arsenovic,13S114PRS 13S112ASP2 13S091EJV 13S042ODE 13S113PS
20110575,Nikola Spasojevic,13S113BP2 13S052SIS 13S081M2
19970357,Boris Stamenkovic,13S041OE 13S061OF 13S112ASP2 13S111PPK 13S113AOR2
20210642,Danilo Kalinovic,13S112POOP 13S114PMU 13S113IEP 13S114ZP
20090330,Vuk Radojevic,13S114VLSI 13S113AOR1
20140223,Andrej Zdravkovic,13S114IS2 13S091UM
19970557,Pavle Bogdanovic,
20150325,Mirko Tomic,13S113AOR2
20190157,Matija Boskovic,13S111PP2
20140581,Sofija Tomic,
20050552,Filip Vucic,13S113AOR2 13S114PMU 13S114VLSI
19970717,Milica Jahic,13S112OS1
20110002,Sofija Ninkovic,13S091EJN 13S081M1 13S111P2
20100279,Elena Vukasovic,13S111PP1 13S113IS 13S111ASP1 13S082NAD 13S112POS
20180114,Boris Isic,13S111PPK 13S041OE 13S114PMU 13S112RM1
20190514,Jovan Ristic,13S052SIS
20030081,Mihajlo Stankovic,13S112RM1
20190207,Milisav Boskovic,
20190578,Uros Zagorac,13S112ASP2 13S113SAB 13S074IOA 13S112OS1
20210675,Elena Mihajlovic,13S091EJV
20030579,Bozidar Lukovic,
20040103,Andrea Cirkovic,13S111PPK
20170012,Milica Milinkovic,13S113AOR1 13S111ASP1 13S113AOR2 13S113RG
20150673,Bozidar Kalinovic,13S113IS1
20100675,Radomir Stojanovic,
20150613,Stefan Bozanic,13S113RM2 13S114MUPS
20000607,Lenka Radojevic,13S113PS 13S113KDP 13S091UM 13S113BP2
20150148,Nina Linic,
20110575,Milan Grgovski,
19950010,Nevena Zagorac,13S052SIS 13S113TS
19960283,Masa Omerovic,13S091EJN 13S112OS1
20140596,Mateja Stevanetic,13S112BP1 13S112OO2 13S053NM 13S082VS 13S091EJV 13S112AR
20200019,Mateja Stanojevic,13S112OO1 13S052SIS 13S032PMT 13S081PM2 13S112VD
20080135,Zarko Cotra,13S111P1 13S114PRS 13S111ASP1 13S112ASP2
20050043,Sasa Urosevic,13S112OO1 13S114PIA 13S042ODE
20200252,Darinka Madic,13S111RMFP 13S113TS 13S112RM1 13S111PORT 13S112POOP 13S032PMT
20140211,Ljubisa Linic,13S111PORT 13S081PM1 13S114PIA
20080214,Kosta Pavlovic,13S041OE
20130410,Djordje Milicevic,13S114PP1 13S114PIA 13S112RM1 13S081M1
20190080,Zora Vujic,13S114PMU 13S053NM 13S111P1 13S112ORT2
20030634,Dusan Stojkovic,13S114VLSI
20160212,Masa Brzakovic,13S081PM1 13S113SS 13S114PIA 13S053NM 13S114MIPS
20150510,Dunja Marjanovic,13S041OE
20110426,Vladimir Milojevic,13S042ODE 13S091UM 13S113RM2
20120201,Zarko Popadic,13S112POS 13S042ODE 13S074IOA 13S112ASP2 13S081PM1
19990638,Ljubisa Lezaja,13S112BP1 13S112VD 13S111P1 13S114IS2
20200360,Tijana Jakovljevic,13S111PP1 13S112VD 13S061OF
20010557,Veljko Djajic,
20180320,Andjela Zindovic,13S114PMU 13S114PIA 13S041OE
20070421,Luka Mladic,13S114PIA 13S113BP2 13S113TS 13S061OF
20170439,Damjan Cirkovic,13S113IEP
20090714,Sasa Milosavljevic,13S113PSI 13S111ORT1 13S111P2
20150355,Maja Djajic,
20080507,Sanja Bojovic,13S112POS 13S113PS 13S114PIA
20190374,Tamara Perlic,13S113USP 13S114ZP 13S114MIPS 13S113TS
20070627,Radomir Kalinovic,13S113SAB 13S113KDP 13S112POS 13S112RM1 13S113IS 13S113USP
20140701,Nikola Paunovic,13S114PMU 13S111PP1 13S042ODE 13S091S 13S112POS 13S113IS
19950244,Anastasija Zagorac,13S114VLSI 13S112BP1 13S112PPK 13S112PPK 13S113RM2 13S114PRS
20040664,Lazar Vlajic,13S112PPK 13S113IEP 13S113RG 13S114PRS 13S111PKR
20020346,Matija Vujic,13S114PIA 13S113IEP 13S113SAB 13S112POOP 13S112PPK 13S112POOP
20130527,Tijana Mandic,13S113PSI 13S112AR 13S112RM1
20080631,Sanja Markovic,13S112POS 13S113BP2 13S112BP1 13S111ASP1
20010302,Mihajlo Plasic,13S111PKR 13S113RM2
20170497,Darinka Miletic,13S113TS 13S113TS 13S081M2 13S112AR 13S113AOR2 13S111RMFP
20080660,Vladimir Petrovic,
20030455,Dragana Panic,
19960734,Milijan Tasic,13S112ASP2 13S112PPK
20190476,Teodora Lezaic,13S052SIS 13S111ASP1 13S091UM
20030169,Mihailo Ostojic,13S091UM 13S111ORT1 13S111PKR 13S113IS 13S113BP2
19970578,Dusan Grbic,13S114MIPS 13S081PM2 13S112ASP2
20150206,Masa Celebic,
20090728,Uros Stamenkovic,13S113SS 13S082NAD 13S111PPK 13S113RG
20030073,Lana Tosic,13S112PPK 13S111PORT 13S114VLSI 13S111ORT1 13S111P1 13S113RG
20140358,Ana Marija Nicic,13S114PMU 13S114VLSI 13S052SIS 13S111P2 13S111ORT1 13S111PORT
20090594,Darko Joksic,13S112BP1 13S113USP 13S113AOR2 13S061OF
19960230,Viktor Bubalo,13S111P2
20040152,Nikola Mladic,
19990530,Veljko Djordjevic,13S111RMFP
19980587,Stefan Curguz,13S052SIS
20060437,Dragana Joksic,13S112POS 13S112BP1 13S114PP1 13S091S
20130199,Ivan Vukotic,13S113PSI 13S112ORT2
20040679,Marko Vasic,13S113OS2 13S111ORT1 13S113AOR2
19980170,Marko Grbic,
20050513,Danilo Bozanic,13S113PS
20210614,Milisav Stojanovic,
20020582,Maja Zindovic,13S114MUPS 13S113SAB
19970221,Teodora Savic,13S114VLSI 13S112OO2
20070384,Katarina Bozic,13S113SAB 13S081PM2 13S074IOA
20100631,Ana Marija Zdravkovic,13S114MIPS
19970019,Kosta Bozovic,
19950621,Aleksa Gavrilovic,
20080599,Andjela Stevanetic,13S081PM1 13S113IS 13S053NM
20100743,Damjan Jovicevic,
20060276,Nikola Labudovic,13S113KDP 13S111PP2 13S113USP 13S114IS2
20160488,Uros Mihajlovic,
20200184,Sanja Bozanic,13S113TS 13S091S
20070667,Stevan Omerovic,13S111PORT 13S081PM1 13S114MIPS 13S091UM 13S041OE 13S041OE
20200629,Janko Mako,13S113OS2
19990529,Damjan Ostojic,13S053NM 13S081PM2 13S113IS
19970439,Petar Milicevic,
20090537,Igor Grebovic,13S112AR 13S113PS 13S111P2 13S111ORT1 13S111P1 13S081PM1
20100716,Filip Stefanovic,
20140010,Milena Krstic,13S113AOR2
20030238,Matija Stevanetic,
20080679,Aleksandar Vujic,
20100109,Mihailo Tonic,13S113KDP 13S052SIS 13S112OS1 13S113RG 13S111P2 13S091S
20090345,Zarko Ognjenovic,13S111PP1 13S091S 13S114VLSI 13S112ASP2 13S091S 13S111PP1
20090429,Lana Slavic,13S032PMT 13S061OF 13S113BP2
20210228,Uros Stanojevic,13S061OF 13S113AOR2 13S114PRS 13S113IS
20060082,Anica Tanasijevic,13S114ZP 13S114ZP
20150544,Mirko Vidosavljevic,
20200054,Marija Stojnic,13S042ODE 13S112AR 13S112VD 13S091EJV 13S052SIS 13S041OE
20090340,Biljana Stamenkovic,13S111P2 13S114MIPS
20000476,Andrija Vujovic,13S091UM 13S111PKR
20070034,Mihailo Nikolic,13S113BP2 13S113TS
20040147,Ilija Runic,13S112AR 13S113KDP 13S091EJV
20020153,Natalija Jovanovic,13S112ORT2 13S112BP1 13S113OS2 13S113KDP 13S111P1 13S091EJV
20210006,Elena Popovic,
20120188,Sava Gavrilovic,13S113TS 13S041OE 13S091UM 13S112OS1 13S113PS
20170088,Tamara Popov,
20200321,Petar Vukotic,13S113BP2 13S032PMT 13S112BP1
20150541,Aleksa Milovanovic,13S111PPK 13S113IEP 13S114PRS 13S111ASP1 13S113IS
20190515,Andrea Hrustic,13S114VLSI 13S091S 13S113KDP 13S113OS2
20050557,Goran Mako,13S114PMU 13S113USP 13S091S
20170525,Mihailo Tasic,13S114ZP 13S041OE 13S113IEP
20050184,Stefan Jovicevic,13S113BP2 13S113RG 13S113USP 13S114MIPS
20170497,Bozidar Jovanovic,13S032PMT 13S111PP2 13S113SAB
20170460,Anica Vujnovic,13S082VS 13S112OO1 13S111PKR 13S032PMT 13S111PP2 13S111ASP1
20200248,Zora Bjekic,13S111PP2 13S041OE 13S112POOP 13S111PORT
20080514,Sofija Milanovic,13S114PP1 13S114PIA 13S113SS 13S052SIS
19970748,Andrea Zarkovic,
20060388,Marija Nicic,13S112VD 13S112OO2 13S111RMFP 13S081PM2 13S081M1
20120352,Mihailo Tanasijevic,13S112OO2 13S112BP1 13S111P1
19980193,Dusan Vasic,
20110180,Darinka Zezelj,13S112OO1 13S112OS1 13S113OS2 13S082NAD 13S114PIA 13S111RMFP
19960167,Aleksa Maric,13S081PM2
20190412,Boris Runic,13S082NAD 13S112OO2 13S114ZP 13S113SAB
19950173,Branislav Zindovic,13S111P1 13S113USP 13S113USP 13S111P1
20140231,Bozidar Djeric,13S114ZP 13S114IS2 13S114PRS 13S111PORT 13S081M1 13S112ASP2
20110732,Vladimir Salovic,13S114PIA 13S091S 13S112PPK 13S111PORT 13S112OS1 13S111P1
20150690,Viktor Novakovic,13S113RM2 13S113TS 13S112ORT2 13S082VS 13S112POS
20030288,Nina Hrustic,13S112VD 13S113KDP
20060509,Milos Pavlovic,13S053NM 13S111PP2 13S082VS 13S111ASP1 13S113OS2 13S112PPK
20160234,Marko Madic,13S114IS2
20120001,Boris Vukasovic,13S113BP2 13S074IOA 13S113TS 13S112BP1 13S112POS 13S111RMFP
20210453,Jovan Zecevic,
20110102,Sergej Grujic,
20070176,Lana Djordjic,13S082VS 13S114ZP 13S111RMFP 13S111P1
20040271,Aleksandar Brzakovic,13S113OS2 13S111PPK 13S042ODE
20010496,Vuk Stancic,13S111PPK 13S114MUPS 13S111PP1 13S113PS 13S114PRS 13S032PMT
20080738,Sofija Maljkovic,13S113RM2
20050059,Mihailo Puric,13S111P1 13S113PSI
20090126,Natalija Kreckovic,
20160202,Sofija Djuric,13S111PORT
20030253,Lazar Bubalo,13S113RG 13S112AR 13S091UM 13S074IOA
20200040,Zarko Vujcic,13S113AOR2 13S112PPK
20050103,Dragana Cekerevac,13S112POOP 13S113AOR1 13S112OS1
20180547,Branislav Arsenovic,13S111ASP1 13S113KDP 13S091EJV 13S114PRS
20060255,Tadija Petrov,13S113USP 13S113KDP 13S074IOA 13S091EJV 13S091EJN
20130098,Igor Brankovic,13S114MUPS
20140737,Marko Prodanovic,13S112BP1 13S112BP1 13S112ASP2 13S112POS 13S113SAB 13S113AOR2
19970583,Lenka Vasic,13S114PP1 13S114PIA 13S113USP
20100283,Kosta Arsenovic,13S113AOR1 13S091S 13S111P1 13S114IS2 13S113SS 13S111P2
19970724,Biljana Petrov,13S112AR 13S111P1 13S112POS
20120191,Milan Popov,13S113TS 13S113AOR2 13S081PM2
20160664,Kosta Arsenovic,13S091EJN
20120222,Ana Tonic,13S113OS2 13S111P2 13S113IEP 13S113OS2
20010689,Draga Krstic,13S111PP1 13S112ORT2 13S042ODE 13S111P1
20200342,Matija Tonic,13S074IOA 13S112RM1 13S113TS 13S113TS 13S091S
20000097,Jona Kosovac,13S112PPK 13S112OO1 13S112OO2 13S113PS 13S053NM
20030035,Danilo Milovanovic,13S113RG
20010041,Stevan Popadic,13S113IEP 13S111ORT1 13S111PPK 13S114PP1
20040352,Ljubisa Grebovic,
20090633,Milica Tonic,
19950041,Djordje Vasic,13S112OS1 13S113IEP 13S074IOA 13S091UM
20040265,Petar Djeric,13S113IS 13S114PMU 13S113BP2 13S091S 13S113OS2
20050641,Darinka Djalovic,13S091S 13S114VLSI
20180001,Sara Brankovic,13S114MUPS 13S081PM1 13S114MIPS 13S112PPK 13S113KDP 13S091EJV
20080118,Andjela Krezovic,
19950258,Sofija Bozic,
20120390,Sava Jovanovic,13S081M1 13S081M2 13S114MIPS 13S114MUPS 13S113PSI 13S111PKR
20130121,Damjan Tiosavljevic,13S111ORT1
19970106,Vuk Glibetic,13S111PORT 13S042ODE
20180493,David Pirgic,13S091S 13S111RMFP 13S114PIA 13S111ASP1 13S113USP 13S111P2
20160103,Katarina Jankovic,
20120458,Mikan Pavlovic,13S113OS2 13S112AR 13S081M2 13S112POS 13S112POS 13S114MIPS
20120707,Vuk Brzakovic,13S081M2 13S113SS 13S091EJN 13S112OS1 13S113RM2 13S091EJV
20090011,Aleksandra Stojkov,13S041OE 13S113RM2 13S112POOP
20010192,Andjela Paunovic,13S091UM
20160293,Nina Brankovic,13S091EJN
19980548,Milijan Stevanovic,13S074IOA 13S032PMT 13S111RMFP 13S113BP2 13S032PMT 13S111PP1
20070535,Matija Mandic,
20030706,Boris Bogdanovic,13S113IS1 13S112POS 13S111ASP1 13S112OS1 13S113IS1
20050714,Mihajlo Curguz,13S113AOR2 13S112BP1 13S111ASP1 13S114IS2 13S112POS 13S042ODE
20010420,Nemanja Grujic,13S113PS 13S111PORT 13S114PIA 13S111PPK 13S112ORT2 13S111PPK